10,2289.0279596756,0.1605,2 couches:,0,2307.7236630397,0.0826
20,1631.8389559846,0.706,,10,1896.0252281443,0.6121
30,1111.2657719022,0.799,,20,1313.3455163459,0.7539
40,825.7749561209,0.8159,,30,872.0445454804,0.7942
50,681.1391775473,0.8416,,40,667.9180609912,0.8358
60,582.132514868,0.8673,,50,546.4575566741,0.8599
70,529.4304215611,0.8688,,60,480.3301954066,0.8746
80,485.2676949441,0.878,,70,444.3866494664,0.8791
90,462.3949919601,0.8778,,80,450.6040119235,0.8694
100,481.0306674389,0.8676,,90,475.8388688739,0.854
110,441.8354894927,0.8707,,100,387.3390622058,0.8868
120,404.4259377008,0.8893,,110,360.6247402386,0.8997
130,418.9581363495,0.881,,120,368.3804985076,0.8916
140,393.4627044286,0.8896,,130,367.4807043766,0.8927
150,377.1058768658,0.8964,,140,345.2474964998,0.9025
160,369.1465134338,0.8988,,150,333.0651285469,0.9064
170,358.6433918209,0.9029,,160,326.4252476893,0.909
180,347.5681391075,0.904,,170,312.716498301,0.9106
190,347.4651712753,0.9046,,180,320.6143825893,0.9075
200,336.886039222,0.9051,,190,296.2429393537,0.9151
210,350.1226621562,0.904,,200,318.6566999938,0.906
220,349.3006279369,0.8978,,210,329.4791341803,0.9019
230,323.8635603332,0.9108,,220,292.2624033454,0.9164
240,332.469623853,0.904,,230,298.2271625389,0.9118
250,320.5629222229,0.9109,,240,289.8906769186,0.9163
260,316.4981875669,0.9139,,250,281.5254313292,0.9204
270,310.4205692655,0.9144,,260,273.8474317496,0.9215
280,315.0388268052,0.9117,,270,280.3827947633,0.9202
290,311.3020281615,0.9125,,280,274.9506916009,0.9222
300,298.4569071858,0.9181,,290,264.9284566639,0.9225
310,312.9179405563,0.9102,,300,308.6791076468,0.908
320,312.8468692576,0.9119,,310,281.886503116,0.9174
330,301.0634703218,0.9131,,320,275.8572163382,0.9168
340,291.8507294281,0.9186,,330,249.3457869951,0.9277
350,293.2866348962,0.9168,,340,252.259555849,0.9252
360,287.2359888769,0.9213,,350,255.7287462467,0.9253
370,292.8048175226,0.9144,,360,255.7805186582,0.9229
380,312.6397744295,0.9096,,370,285.1630018127,0.9151
390,286.7787090237,0.9184,,380,251.9181593875,0.9257
400,276.5532844657,0.9216,,390,235.0830041517,0.9321
410,291.4890157726,0.9164,,400,249.4070507293,0.9263
420,271.9581506553,0.9226,,410,228.8510239562,0.9355
430,280.2136423497,0.9192,,420,240.3722909461,0.9302
440,277.184081765,0.9197,,430,233.769773939,0.9332
450,272.9979990119,0.9236,,440,232.4407959992,0.9346
460,280.4720005447,0.9191,,450,250.4114899591,0.9256
470,266.506227536,0.9257,,460,220.6433764074,0.9375
480,269.8597414233,0.924,,470,230.1054196732,0.9343
490,274.8459584619,0.9225,,480,229.8681001518,0.9366
500,276.6754451021,0.922,,490,240.9210126323,0.9277
510,264.1430409708,0.9253,,500,224.8857028846,0.9362
520,255.5717028639,0.929,,510,209.8877160606,0.9424
530,253.6756549806,0.929,,520,206.8536508272,0.9411
540,272.2308832763,0.919,,530,245.7719477297,0.9262
550,253.1101546462,0.9293,,540,202.3947539314,0.9444
560,252.4039436393,0.9281,,550,202.5990879173,0.9423
570,250.6915419227,0.9296,,560,204.2077313171,0.9413
580,249.0419774998,0.9293,,570,201.1250243439,0.9423
590,255.838319089,0.9264,,580,207.73092179,0.9406
600,265.4112978693,0.9249,,590,244.4856493307,0.9251
610,259.2589205754,0.925,,600,208.5022966938,0.9407
620,250.2894325477,0.9274,,610,209.7242689925,0.9387
630,261.1878631367,0.9266,,620,208.9405197503,0.9411
640,252.612055132,0.9281,,630,206.7557272552,0.9397
650,239.048659043,0.934,,640,188.2995642071,0.9497
660,243.6335201865,0.9322,,650,190.4321654703,0.9465
670,234.6148785083,0.9343,,660,184.9385172765,0.9496
680,231.8875243936,0.9349,,670,181.50425268,0.9478
690,232.6260116061,0.9345,,680,179.4604848716,0.9486
700,230.4692228141,0.9353,,690,174.0008888085,0.9519
710,239.1544234333,0.9339,,700,185.3699126548,0.9483
720,254.1163931379,0.9234,,710,199.1319773572,0.9434
730,230.5108847114,0.9345,,720,181.7761663716,0.9469
740,239.3875963618,0.932,,730,183.3665019548,0.9482
750,224.8873179487,0.9366,,740,171.7245399918,0.9534
760,228.3467846145,0.9356,,750,171.9643966678,0.9527
770,224.8402652453,0.9374,,760,173.5954399574,0.9512
780,227.7166046906,0.9362,,770,182.4624518722,0.9476
790,225.0590772096,0.9369,,780,174.320250217,0.9516
800,217.6485673462,0.9384,,790,166.5822487051,0.9532
810,226.2860425194,0.9362,,800,193.3403816213,0.9452
820,224.2593635014,0.9366,,810,174.8024081953,0.9516
830,218.9110704137,0.9382,,820,183.2519415473,0.9459
840,214.974522223,0.9409,,830,164.4694621628,0.9556
850,218.3470099468,0.9384,,840,170.6563959108,0.9501
860,212.9768810857,0.9414,,850,167.3261563867,0.9526
870,217.5778659401,0.9377,,860,166.6450269011,0.9524
880,238.9196103023,0.9314,,870,189.945609161,0.9431
890,218.1078114567,0.9394,,880,171.6182037046,0.95
900,209.5207925696,0.9422,,890,159.4888064386,0.9547
910,212.735047911,0.9432,,900,158.1045571885,0.9554
920,207.8332262641,0.9437,,910,161.0271132819,0.9549
930,211.3306188636,0.9403,,920,160.6801227753,0.9545
940,208.2833437839,0.9425,,930,163.7352218449,0.9537
950,207.6724362495,0.9435,,940,157.2630850662,0.9568
960,211.6962206691,0.9392,,950,171.3487881122,0.948
970,204.9604409799,0.9423,,960,155.4241603425,0.9567
980,208.1450049889,0.943,,970,161.2015101212,0.9535
990,208.3694680886,0.9448,,980,167.0050329497,0.9547
1000,209.4518268575,0.9421,,990,168.762452633,0.9527
1010,201.2328014322,0.9462,,1000,153.5614764503,0.9569
1020,196.6016253367,0.9481,,1010,146.0833991495,0.9602
1030,197.8430432807,0.9458,,1020,148.5892609521,0.9577
1040,205.9639676952,0.9427,,1030,164.5367612064,0.9524
1050,195.564675792,0.9482,,1040,143.9626235784,0.9606
1060,194.7546695126,0.9465,,1050,146.248206791,0.9576
1070,195.419958983,0.9469,,1060,149.5302514056,0.9562
1080,197.7796253616,0.9441,,1070,151.6384678037,0.9568
1090,201.0295145573,0.9442,,1080,151.4919651802,0.9578
1100,207.4257005297,0.9419,,1090,181.4736688879,0.9463
1110,200.3401772091,0.9459,,1100,154.482288303,0.9561
1120,200.480111873,0.9425,,1110,157.7214576151,0.9551
1130,202.7351440442,0.9449,,1120,153.3591058989,0.9582
1140,201.2302614447,0.9443,,1130,154.4823077158,0.958
1150,187.9822115644,0.9499,,1140,142.2627591851,0.9603
1160,190.8657263342,0.9488,,1150,143.4567771886,0.9605
1170,184.8748777813,0.9509,,1160,137.5738497483,0.9607
1180,183.1480781186,0.9505,,1170,136.8379097175,0.9631
1190,183.766757247,0.9499,,1180,134.6038013396,0.9634
1200,183.3268001547,0.9499,,1190,130.4833752875,0.9641
1210,185.7338685897,0.9485,,1200,135.4123117027,0.9612
1220,199.931050228,0.9451,,1210,156.7273308375,0.9548
1230,184.9046067379,0.9489,,1220,138.9759567232,0.961
1240,189.6637559866,0.9478,,1230,138.6686899132,0.9604
1250,177.9747367271,0.9527,,1240,130.2898790448,0.9626
1260,183.6199321273,0.9509,,1250,137.4715654268,0.9611
1270,179.5511367661,0.9517,,1260,133.9860703878,0.9614
1280,181.7539205076,0.9497,,1270,138.4995566164,0.9615
1290,178.748800569,0.9515,,1280,133.5978164238,0.963
1300,174.323576517,0.9531,,1290,129.3135623376,0.9627
1310,180.3947828499,0.9495,,1300,146.7230738823,0.9594
1320,177.2569432524,0.952,,1310,132.5852634938,0.9646
1330,174.7526819671,0.9527,,1320,136.6100847984,0.961
1340,173.4441741294,0.9537,,1330,131.1705179912,0.9641
1350,176.6546032352,0.9504,,1340,134.6084566378,0.9619
1360,171.6875204805,0.9531,,1350,129.9390776202,0.9624
1370,174.8296671097,0.9521,,1360,129.1843751822,0.963
1380,192.7975837974,0.945,,1370,147.5528771926,0.9564
1390,177.2741741572,0.9506,,1380,137.349809342,0.9595
1400,170.3885232647,0.9521,,1390,124.4220326386,0.9638
1410,171.5497626536,0.9539,,1400,124.661775375,0.9657
1420,171.2604119642,0.9526,,1410,128.7377293085,0.9641
1430,171.9639232644,0.9533,,1420,127.8052310711,0.9637
1440,169.4309247832,0.9544,,1430,129.1306227158,0.9638
1450,169.4275334151,0.9545,,1440,123.9987922344,0.9663
1460,172.1315364319,0.9507,,1450,134.4137444833,0.9597
1470,168.6286808808,0.954,,1460,124.8545332507,0.9658
1480,173.5762876288,0.9531,,1470,129.6051420226,0.9625
1490,168.575603822,0.9561,,1480,134.1283507559,0.9623
1500,171.7710968302,0.9527,,1490,134.5734151011,0.9623
1510,165.5328733757,0.9553,,1500,121.4745179116,0.9661
1520,161.7744353137,0.9569,,1510,117.9993291322,0.9688
1530,163.5403364389,0.955,,1520,119.8534478722,0.9662
1540,167.3077084804,0.9546,,1530,128.1364129386,0.9638
1550,161.4644616776,0.957,,1540,117.1145683757,0.9669
1560,160.4665652327,0.9566,,1550,118.0637472653,0.9655
1570,161.7492352868,0.9551,,1560,120.6483992173,0.9656
1580,166.2021967754,0.9542,,1570,127.2369794886,0.9643
1590,166.0865657493,0.9549,,1580,124.2392842357,0.964
1600,174.2898081484,0.9516,,1590,148.007948482,0.9553
1610,165.4690005831,0.9562,,1600,124.9104865391,0.9631
1620,170.3165229182,0.9529,,1610,127.9721037267,0.9628
1630,167.7065650217,0.9542,,1620,126.5668932188,0.9636
1640,169.0539519854,0.9541,,1630,127.5916391046,0.9632
1650,156.8000005409,0.9579,,1640,118.660925377,0.9666
1660,159.3458467517,0.9571,,1650,119.8311928915,0.9646
1670,154.6437021125,0.9597,,1660,114.5302716722,0.9666
1680,154.55401828,0.9591,,1670,113.3888390444,0.9687
1690,154.2652497345,0.9586,,1680,112.6126366049,0.9683
1700,153.7925678415,0.9582,,1690,108.3013578634,0.9698
1710,153.9090033629,0.9576,,1700,110.5502712898,0.9679
1720,166.9502345081,0.9543,,1710,133.9422855828,0.9602
1730,155.9378985376,0.9579,,1720,116.0399671949,0.9668
1740,159.2386082428,0.9569,,1730,115.3276579044,0.9675
1750,149.6994818854,0.9588,,1740,109.5570107709,0.9686
1760,155.4440991775,0.9575,,1750,118.7062462326,0.9665
1770,151.5787081697,0.9586,,1760,111.659750634,0.9674
1780,153.6015981315,0.9591,,1770,117.5067867573,0.9666
1790,150.7536338649,0.9596,,1780,113.3585861002,0.9659
1800,147.8716485148,0.9603,,1790,109.5354129335,0.9678
1810,152.1962473669,0.9579,,1800,122.5892617953,0.9654
1820,149.556408094,0.9602,,1810,111.2612677971,0.9696
1830,147.9943656828,0.9601,,1820,114.8780392044,0.9674
1840,147.6744732334,0.9605,,1830,114.2735245372,0.9685
1850,150.060566071,0.9586,,1840,114.6645873802,0.9664
1860,145.548629881,0.9599,,1850,109.2437369037,0.9686
1870,147.541490282,0.9602,,1860,109.2220261302,0.9688
1880,162.9087308185,0.9527,,1870,124.4047697318,0.962
1890,150.1399356259,0.9578,,1880,118.1232728122,0.9647
1900,145.4314864695,0.9593,,1890,104.6895854809,0.9687
1910,146.0528677629,0.9612,,1900,107.24879216,0.9697
1920,147.2094873916,0.9588,,1910,109.7275169341,0.9692
1930,146.6195623155,0.9599,,1920,109.2660766466,0.968
1940,144.6165151683,0.9609,,1930,109.4130819334,0.9693
1950,144.7605919362,0.9612,,1940,105.9487215513,0.9708
1960,147.0908454065,0.9601,,1950,111.9616146731,0.9674
1970,145.4165551948,0.9594,,1960,106.1896048592,0.9696
1980,151.7669277786,0.9593,,1970,111.1492829546,0.9666
1990,143.8218577493,0.962,,1980,116.1813455412,0.9666
2000,147.5097833749,0.9593,,1990,114.3787212429,0.9676
2010,141.9579466301,0.9619,,2000,103.9257091747,0.9707
2020,139.4362859834,0.9624,,2010,102.3785237777,0.9708
2030,141.0769738131,0.9606,,2020,103.2727943751,0.9698
2040,143.2509709401,0.9611,,2030,109.2585522937,0.968
2050,139.6376930628,0.9616,,2040,101.9483239256,0.9699
2060,138.5401326817,0.9615,,2050,102.2251622199,0.9688
2070,140.1423224623,0.9617,,2060,103.4507727013,0.9695
2080,145.5421195045,0.9606,,2070,112.2081065189,0.9669
2090,142.6333096924,0.9612,,2080,107.9086605069,0.9676
2100,151.9923538234,0.9582,,2090,126.5944104893,0.962
2110,142.7369542563,0.9616,,2100,106.9895253825,0.9677
2120,150.2229664211,0.9589,,2110,109.5111886458,0.9676
2130,145.1058061123,0.9606,,2120,110.0498386412,0.9679
2140,147.6987376555,0.9591,,2130,111.6470119266,0.9677
2150,136.536087552,0.9632,,2140,103.7812010319,0.9704
2160,139.0103280441,0.9615,,2150,104.4554663247,0.9685
2170,135.0948387236,0.9633,,2160,100.797071663,0.969
2180,135.8962443199,0.9628,,2170,100.4867287172,0.9712
2190,135.1597147962,0.9635,,2180,99.1072342594,0.9708
2200,134.1504903926,0.9631,,2190,95.3762170233,0.9718
2210,133.5147769112,0.9639,,2200,96.2714617925,0.972
2220,145.2911507556,0.9599,,2210,118.3045533023,0.9638
2230,136.4882839674,0.9628,,2220,102.5757165368,0.9699
2240,139.5703796873,0.9618,,2230,103.0005760466,0.9697
2250,131.4252134735,0.9633,,2240,97.5446577001,0.9721
2260,136.2217815246,0.962,,2250,105.4091918725,0.9693
2270,132.9828502198,0.9633,,2260,98.2647714121,0.971
2280,134.7633707089,0.9648,,2270,103.9314350056,0.9698
2290,132.7710435408,0.964,,2280,101.8183020524,0.9694
2300,130.2766472104,0.9645,,2290,97.630664833,0.9716
2310,133.429204572,0.9636,,2300,107.5318616172,0.9698
2320,131.4864516019,0.9657,,2310,98.6204122739,0.9727
2330,130.1956083738,0.964,,2320,101.6221322101,0.9707
2340,130.7635514761,0.9651,,2330,102.9652140715,0.971
2350,132.0842412064,0.9641,,2340,101.3404437061,0.969
2360,127.8283076776,0.9649,,2350,95.4948178862,0.9725
2370,129.3327138026,0.9645,,2360,96.359010933,0.9718
2380,142.5859801365,0.958,,2370,109.1514058525,0.9669
2390,131.6315023674,0.9625,,2380,104.895621058,0.9684
2400,128.7266957403,0.9642,,2390,92.8095978325,0.9726
2410,129.3187200813,0.9659,,2400,96.9881164956,0.9719
2420,130.2891004451,0.9637,,2410,97.8686958432,0.9721
2430,129.3130809185,0.9651,,2420,96.7419022202,0.9717
2440,127.6429173428,0.9661,,2430,97.1479290829,0.9726
2450,128.043255805,0.9652,,2440,94.9435757454,0.9737
2460,130.0034467046,0.9645,,2450,99.2927209496,0.9704
2470,129.0920969269,0.965,,2460,94.742758247,0.9717
2480,136.6180842229,0.9639,,2470,100.0460040869,0.9702
2490,127.5902387318,0.966,,2480,105.4070228681,0.9686
2500,130.8302193194,0.9639,,2490,100.4795782118,0.9696
2510,125.9300607425,0.9654,,2500,94.2663527736,0.9731
2520,124.3603335192,0.9668,,2510,92.7822194549,0.9733
2530,125.8992987992,0.9669,,2520,93.2303035828,0.9721
2540,127.2331652505,0.9666,,2530,98.2800235707,0.9705
2550,124.9464885791,0.9667,,2540,92.9984650022,0.9719
2560,123.6097787527,0.9669,,2550,92.8303566022,0.9721
2570,125.3388263555,0.9661,,2560,92.8039502447,0.9724
2580,130.6851426963,0.9642,,2570,101.9291745091,0.9696
2590,125.9857762631,0.9658,,2580,96.6585706004,0.9715
2600,136.6780751991,0.9613,,2590,112.9329537233,0.9655
2610,127.284503434,0.9659,,2600,95.0786035523,0.9708
2620,136.340422904,0.9625,,2610,98.9083095092,0.9704
2630,129.8342466984,0.9647,,2620,99.013994788,0.9706
2640,132.8629359063,0.9632,,2630,100.0099994831,0.9695
2650,122.3327155768,0.9664,,2640,93.1936041292,0.9722
2660,124.5769863204,0.9651,,2650,94.0195539466,0.9709
2670,121.4989076145,0.9667,,2660,91.662082656,0.9722
2680,122.7904384013,0.9674,,2670,91.8641455243,0.9736
2690,121.6929918919,0.9667,,2680,90.1354086242,0.9725
2700,120.2072430074,0.967,,2690,87.1360711728,0.9738
2710,119.4067339018,0.967,,2700,87.2648780437,0.9742
2720,130.3115615309,0.9643,,2710,107.1986757185,0.967
2730,122.911654301,0.9667,,2720,94.2751570665,0.9725
2740,126.0609644521,0.9659,,2730,96.0744340344,0.9728
2750,118.6701870829,0.967,,2740,90.0600976251,0.973
2760,122.4825911215,0.9659,,2750,95.900612607,0.9712
2770,119.8484266469,0.967,,2760,89.8930151983,0.9727
2780,121.4934792719,0.9666,,2770,95.1288001836,0.9717
2790,120.387474439,0.9668,,2780,94.1631570807,0.9719
2800,117.9744868573,0.9674,,2790,89.4299393553,0.9733
2810,120.1928626781,0.9682,,2800,96.1099550463,0.9727
2820,118.8669430732,0.9679,,2810,89.9273395268,0.9749
2830,117.690710031,0.9682,,2820,92.9195988416,0.9721
2840,119.034305461,0.967,,2830,95.1558423291,0.9726
2850,119.2657132135,0.9678,,2840,92.7850248619,0.9722
2860,115.5309583063,0.9683,,2850,86.9279072427,0.9742
2870,116.6243164117,0.9679,,2860,87.3610272713,0.973
2880,127.8012889839,0.9628,,2870,98.7603597732,0.9691
2890,118.8856491296,0.9659,,2880,95.4093528029,0.9713
2900,117.0683791815,0.9664,,2890,84.8702538711,0.9739
2910,117.6452819461,0.9688,,2900,89.7109863461,0.974
2920,118.211494757,0.9678,,2910,89.6688602059,0.974
2930,117.3968417947,0.9685,,2920,88.1058010216,0.9735
2940,115.449040864,0.9696,,2930,88.9136859772,0.9742
2950,116.143809933,0.9691,,2940,87.8939291687,0.9751
2960,117.6909130247,0.9681,,2950,91.0478748298,0.9737
2970,117.1919641467,0.9673,,2960,87.1158296914,0.9737
2980,125.8933800647,0.966,,2970,93.1422869923,0.9721
2990,116.2464011503,0.9679,,2980,96.931145784,0.9704
3000,118.6744127648,0.9667,,2990,90.8334783784,0.9724
3010,114.512638728,0.9703,,3000,87.5292647739,0.9748
3020,113.628071505,0.9697,,3010,86.248560014,0.9745
3030,115.2343340829,0.9691,,3020,86.8335520914,0.9743
3040,115.8542127673,0.9689,,3030,91.2280872862,0.9725
3050,114.2697967176,0.9688,,3040,87.0576282139,0.9733
3060,112.8518165277,0.969,,3050,86.8421582417,0.9728
3070,114.8658319669,0.9687,,3060,85.8988207873,0.9737
3080,119.7210855304,0.967,,3070,96.0917049577,0.9709
3090,114.3226701713,0.9697,,3080,89.2106928612,0.9734
3100,124.8523654791,0.9649,,3090,102.9943681481,0.9693
3110,115.8715847875,0.9682,,3100,87.4776439591,0.9735
3120,126.297345677,0.9651,,3110,92.5126005851,0.972
3130,118.3067944071,0.9675,,3120,91.7043793262,0.972
3140,121.7853598799,0.9664,,3130,90.5183178189,0.9732
3150,111.9663898479,0.9696,,3140,85.7509070948,0.9732
3160,114.1642773985,0.9672,,3150,87.2431510978,0.9728
3170,111.4627315489,0.9689,,3160,84.6490603543,0.9741
3180,112.9801403143,0.9692,,3170,85.9646862029,0.9745
3190,111.6088446112,0.9697,,3180,84.0647013277,0.9737
3200,109.9582814703,0.9695,,3190,81.9683772627,0.9743
3210,109.1106050847,0.9693,,3200,81.3651717862,0.976
3220,119.1565392816,0.9669,,3210,96.8037384302,0.9694
3230,112.9294043324,0.9696,,3220,88.7435134176,0.9741
3240,116.2912893609,0.9678,,3230,91.6214189419,0.9735
3250,109.3986022308,0.9687,,3240,84.9226955917,0.974
3260,112.2505367345,0.9688,,3250,90.5116953585,0.9733
3270,110.2281815947,0.9686,,3260,84.0855667933,0.9754
3280,111.6892684022,0.969,,3270,88.722790528,0.9734
3290,111.1822265883,0.9687,,3280,88.8190403787,0.9736
3300,108.8822051973,0.9698,,3290,83.3823634695,0.9746
3310,110.4424284168,0.9701,,3300,88.5731578734,0.9745
3320,109.6377761429,0.9697,,3310,84.3294730683,0.9758
3330,108.4766841611,0.9711,,3320,85.7706288581,0.9749
3340,110.3204878884,0.969,,3330,89.1642183539,0.973
3350,109.7995554287,0.9709,,3340,87.0223373579,0.9741
3360,106.574863344,0.9698,,3350,81.4092955547,0.9749
3370,107.4371849486,0.9704,,3360,81.2705679333,0.9763
3380,116.9439158757,0.9652,,3370,91.5712963417,0.9721
3390,109.6447703989,0.968,,3380,87.627824127,0.9726
3400,108.3316466592,0.9687,,3390,79.533160772,0.9749
3410,108.9439352739,0.9712,,3400,85.165425861,0.9752
3420,109.1116378528,0.9695,,3410,83.6440681599,0.9753
3430,108.5027887344,0.9704,,3420,82.6385323412,0.9753
3440,106.3773163808,0.9715,,3430,83.4470074742,0.9752
3450,107.3826870055,0.9707,,3440,83.5726782765,0.975
3460,108.6008539591,0.97,,3450,85.6331332829,0.9748
3470,108.296869563,0.9692,,3460,82.5942775497,0.9755
3480,117.8628141028,0.9666,,3470,88.4055284859,0.9732
3490,108.0604536163,0.9697,,3480,90.6326016168,0.9737
3500,109.5513829942,0.9695,,3490,83.8393691017,0.9747
3510,106.1353137523,0.9718,,3500,82.7318540377,0.9758
3520,105.7619928618,0.9718,,3510,81.9754250692,0.9759
3530,107.4170585605,0.9708,,3520,83.2185099318,0.9752
3540,107.4048291214,0.9707,,3530,86.3422151227,0.9738
3550,106.3858113367,0.9703,,3540,83.2646586676,0.9743
3560,104.893523406,0.9709,,3550,82.8555066573,0.9744
3570,106.7252893296,0.9707,,3560,81.2596112387,0.9745
3580,111.3442148108,0.9693,,3570,92.0311732781,0.9717
3590,105.6170257911,0.9719,,3580,84.3915380201,0.9746
3600,115.8340035756,0.9683,,3590,97.3345455409,0.9711
3610,107.2391873487,0.9704,,3600,82.5331503279,0.9744
3620,118.3075197088,0.9675,,3610,89.1112785614,0.9728
3630,109.463868581,0.9694,,3620,87.7657665273,0.974
3640,113.0530837296,0.9682,,3630,83.8641053382,0.9752
3650,103.9907668057,0.9705,,3640,80.922843349,0.9743
3660,106.2412149642,0.9688,,3650,82.641151594,0.9747
3670,103.7766247543,0.9708,,3660,79.5975963674,0.9754
3680,105.3199863085,0.9706,,3670,81.912233516,0.9748
3690,103.9018340984,0.9715,,3680,79.8793446335,0.9748
3700,102.0417176639,0.9708,,3690,78.4146546103,0.9752
3710,101.2796038102,0.9713,,3700,77.7343680353,0.977
3720,110.6379938739,0.9688,,3710,90.9380819054,0.9716
3730,105.3647081053,0.9705,,3720,85.2834036386,0.975
3740,108.7938426287,0.9706,,3730,88.1832224253,0.9741
3750,102.1821921336,0.9709,,3740,81.2337146862,0.9747
3760,104.2496636611,0.9705,,3750,87.3989676238,0.9745
3770,102.889947989,0.9703,,3760,80.158015745,0.976
3780,104.0364672336,0.9706,,3770,83.9757901129,0.9745
3790,104.0923555099,0.9702,,3780,84.8346149311,0.9746
3800,101.819345079,0.9711,,3790,79.1838273527,0.9754
3810,103.0119527511,0.972,,3800,83.64127146,0.976
3820,102.5900140836,0.9718,,3810,80.1311004189,0.9764
3830,101.5642497427,0.9723,,3820,80.3948189708,0.9757
3840,103.7806168763,0.971,,3830,84.8345527098,0.9745
3850,102.4747294138,0.973,,3840,83.5472688089,0.9749
3860,99.7485150516,0.9719,,3850,77.717767843,0.9766
3870,100.4385845433,0.9719,,3860,77.0464243286,0.9767
3880,108.5707788255,0.9666,,3870,85.9709807561,0.9735
3890,102.5903795509,0.9702,,3880,82.1542466605,0.9757
3900,101.6093061033,0.9699,,3890,75.8509478207,0.9766
3910,102.4345246967,0.9724,,3900,81.9328088469,0.9762
3920,102.3172705036,0.9716,,3910,79.3460342632,0.9763
3930,101.8246969453,0.9726,,3920,79.1524640048,0.9762
3940,99.5448978528,0.973,,3930,79.27573609,0.9761
3950,100.5822470903,0.9719,,3940,81.0349485039,0.976
3960,101.8116765671,0.9712,,3950,82.1606773569,0.9762
3970,101.4158957003,0.9713,,3960,79.3395496908,0.9756
3980,111.817818911,0.9678,,3970,84.929639179,0.9745
3990,101.7712698916,0.9717,,3980,86.1960846602,0.9746
4000,102.5692842445,0.9709,,3990,79.1002562703,0.9767
4010,99.5883589482,0.9727,,4000,79.2949908865,0.9769
4020,99.5912660363,0.9721,,4010,79.4401277262,0.9768
4030,101.2688346831,0.9726,,4020,80.3958879117,0.9766
4040,100.6969989647,0.9718,,4030,82.5499741503,0.9751
4050,100.1757772708,0.9715,,4040,80.3239646684,0.9755
4060,98.700000593,0.9727,,4050,80.6610735624,0.9755
4070,100.463395032,0.9711,,4060,77.7243121248,0.9761
4080,104.7610554605,0.9711,,4070,89.6471370521,0.9728
4090,99.1553683411,0.9729,,4080,80.9763217952,0.9754
4100,108.81207518,0.97,,4090,92.6954879713,0.9723
4110,100.5714909602,0.9722,,4100,79.2130516367,0.9757
4120,112.0981636484,0.9688,,4110,87.8564871579,0.9735
4130,102.606490857,0.9712,,4120,85.5126342879,0.9742
4140,106.2282609344,0.9704,,4130,80.6937663845,0.976
4150,97.8695111409,0.9721,,4140,76.9906664114,0.9758
4160,100.0602262796,0.9709,,4150,79.4499410705,0.9756
4170,97.7772939217,0.9725,,4160,76.1690274435,0.9761
4180,99.387809733,0.9718,,4170,79.051428927,0.9753
4190,97.8764807207,0.9731,,4180,76.9276857414,0.9758
4200,95.9868286192,0.9719,,4190,76.0618896801,0.9762
4210,95.1364973025,0.9725,,4200,75.0537874336,0.9776
4220,104.0357533963,0.97,,4210,88.1263295332,0.9728
4230,99.5845270255,0.9717,,4220,83.5934526611,0.9759
4240,103.1905836173,0.9723,,4230,85.265760857,0.9742
4250,96.619371115,0.9721,,4240,78.6836155662,0.9758
4260,98.204033831,0.9716,,4250,84.0846735274,0.9746
4270,97.3616519427,0.9713,,4260,77.4124023795,0.9761
4280,98.3662853897,0.9715,,4270,80.3510447666,0.9762
4290,98.6336090766,0.9719,,4280,81.7714487318,0.9754
4300,96.3915888927,0.9728,,4290,76.2067443077,0.9761
4310,97.2570963102,0.9726,,4300,80.3115946927,0.9764
4320,97.1938098091,0.9728,,4310,77.3230150749,0.9771
4330,96.0832990468,0.9735,,4320,77.1004689887,0.9761
4340,98.4884446291,0.9721,,4330,81.9909696604,0.9753
4350,96.7887919146,0.9734,,4340,81.5240796659,0.9759
4360,94.4097458198,0.9735,,4350,75.8331034151,0.9772
4370,95.0245209512,0.9733,,4360,74.4789614291,0.9774
4380,102.0433635424,0.9692,,4370,82.8763362399,0.974
4390,97.0968565311,0.9718,,4380,79.1723930174,0.9766
4400,96.3949353503,0.971,,4390,74.0431846594,0.977
4410,97.4040953732,0.973,,4400,79.6464467284,0.977
4420,96.9830570044,0.9732,,4410,76.2664987342,0.977
4430,96.7504600424,0.9734,,4420,76.8146047277,0.9771
4440,94.1750448042,0.9744,,4430,76.1868669352,0.9763
4450,95.3164686295,0.9733,,4440,79.2852793542,0.9766
4460,96.3473971767,0.9725,,4450,79.8779155605,0.9764
4470,96.0744335837,0.9724,,4460,77.7360960394,0.9767
4480,106.884103182,0.9691,,4470,83.064823713,0.9757
4490,96.8964168873,0.9729,,4480,83.0266541774,0.9751
4500,97.1287526359,0.972,,4490,76.3211796772,0.9778
4510,94.5443407541,0.9738,,4500,77.2052531541,0.9769
4520,94.7501901688,0.9726,,4510,78.0724280703,0.9775
4530,96.6516228018,0.9736,,4520,78.2213635693,0.9767
4540,95.5959823579,0.9729,,4530,80.0301792341,0.9759
4550,95.3585247914,0.9723,,4540,78.4958812466,0.9763
4560,93.9867615351,0.9733,,4550,79.0481015575,0.9767
4570,95.4846970874,0.9728,,4560,75.7479760221,0.9777
4580,99.8229228918,0.9721,,4570,87.4919126518,0.9737
4590,94.3934493228,0.9741,,4580,78.7325737618,0.9761
4600,103.3436363873,0.9712,,4590,89.2892628506,0.9726
4610,95.3213636697,0.973,,4600,77.2797730269,0.9764
4620,106.6693209176,0.9696,,4610,88.640722964,0.9738
4630,97.2413316725,0.9731,,4620,83.7396907299,0.9751
4640,100.1934089566,0.972,,4630,79.0712987499,0.9767
4650,92.903485632,0.9734,,4640,74.2842596193,0.9767
4660,95.0501327472,0.9726,,4650,77.2987533095,0.9769
4670,93.0296838177,0.9734,,4660,73.4951290704,0.9763
4680,94.6610475936,0.9729,,4670,77.3879759506,0.9758
4690,93.0788722726,0.9744,,4680,75.0148083295,0.9764
4700,91.26347602,0.9739,,4690,74.5196531813,0.9772
4710,90.2666130053,0.9736,,4700,73.3830131382,0.9774
4720,98.6161963598,0.9714,,4710,85.9367477453,0.9738
4730,94.9707666647,0.9731,,4720,82.3982498746,0.9763
4740,98.6769395769,0.973,,4730,83.3720606077,0.9748
4750,92.1282749671,0.9734,,4740,76.987856531,0.977
4760,93.4882871236,0.9727,,4750,79.4703906094,0.9761
4770,92.931850147,0.9727,,4760,75.9355800083,0.9768
4780,93.865806879,0.9724,,4770,76.7895794624,0.9767
4790,94.27169358,0.973,,4780,79.4223828875,0.9754
4800,92.1128321272,0.9738,,4790,74.3962810647,0.9772
4810,92.6864190978,0.9736,,4800,78.1311317008,0.9771
4820,92.9210726616,0.9738,,4810,75.349330685,0.978
4830,91.6479799957,0.9742,,4820,74.8957054164,0.9773
4840,94.5046462249,0.973,,4830,80.3544481494,0.976
4850,92.3130306298,0.9747,,4840,79.7233267879,0.9759
4860,90.1367743606,0.9745,,4850,74.990561283,0.9778
4870,90.6782148937,0.9743,,4860,73.1563140427,0.9776
4880,96.9854791871,0.9707,,4870,80.8015570306,0.9742
4890,92.7368812134,0.9727,,4880,77.6931093849,0.9771
4900,92.268163671,0.9721,,4890,73.0687015511,0.9777
4910,93.3803732388,0.9737,,4900,78.691369452,0.9776
4920,92.7480109942,0.9738,,4910,74.4219064022,0.9781
4930,92.7421160977,0.9743,,4920,75.7984712164,0.9771
4940,89.9227701293,0.9756,,4930,74.8048744205,0.9769
4950,91.0234551206,0.9735,,4940,78.5734853807,0.9758
4960,91.902864361,0.9736,,4950,78.7538017469,0.9764
4970,91.6456098484,0.9737,,4960,76.8540176147,0.9777
4980,102.6048690761,0.9707,,4970,83.027372906,0.976
4990,92.8516883588,0.9735,,4980,81.3573867626,0.9757
5000,92.59819087,0.9732,,4990,74.8097306823,0.9781
5010,90.4976386956,0.9742,,5000,75.8875181885,0.977
5020,90.9571055912,0.973,,5010,77.4407510716,0.978
5030,92.8393093824,0.9742,,5020,76.9786843432,0.9773
5040,91.4123112033,0.9737,,5030,78.2039473117,0.9765
5050,91.4621043206,0.9738,,5040,77.0044779212,0.9776
5060,90.1440473564,0.9745,,5050,78.1587983161,0.9774
5070,91.5346245988,0.9732,,5060,74.6303842191,0.979
5080,95.7543067433,0.9733,,5070,86.7359716669,0.9746
5090,90.5744504005,0.9744,,5080,77.7817093035,0.9765
5100,98.9850367103,0.9724,,5090,86.8968643071,0.9738
5110,90.9964931741,0.9744,,5100,76.0150586751,0.9773
5120,101.996769373,0.9705,,5110,87.8516708203,0.974
5130,92.8564456402,0.9734,,5120,81.7948518174,0.9762
5140,95.2070482225,0.973,,5130,78.0474578958,0.9768
5150,88.9532920432,0.9744,,5140,72.3588922087,0.9777
5160,91.0274055739,0.9733,,5150,75.7152543444,0.9777
5170,89.114581401,0.9743,,5160,71.576356824,0.9778
5180,90.8135282891,0.9747,,5170,75.8141490702,0.9767
5190,89.2145641868,0.9751,,5180,74.1144672363,0.9764
5200,87.5138349936,0.9747,,5190,73.3465434602,0.978
5210,86.4064114514,0.9741,,5200,72.0868356741,0.978
5220,94.2030789244,0.9716,,5210,83.4928600883,0.9744
5230,91.251649333,0.9739,,5220,80.889816703,0.9766
5240,94.7841339662,0.9736,,5230,81.5482597336,0.9766
5250,88.4522907953,0.9743,,5240,75.0889308556,0.9775
5260,89.6085690801,0.9744,,5250,77.4125322347,0.9771
5270,89.2449770807,0.9737,,5260,74.6811053077,0.9774
5280,90.3043385151,0.973,,5270,74.9119932988,0.9777
5290,90.5192682317,0.9737,,5280,77.9750548083,0.9766
5300,88.6681464968,0.9748,,5290,73.2293642259,0.978
5310,89.1073162111,0.9741,,5300,76.4148258138,0.978
5320,89.6235601338,0.9745,,5310,73.980761993,0.9787
5330,88.1097886046,0.975,,5320,73.5636233962,0.9778
5340,91.0820275529,0.973,,5330,79.7180854467,0.9762
5350,88.5027632398,0.976,,5340,78.0343475373,0.9769
5360,86.6614817834,0.9751,,5350,74.5918283392,0.9778
5370,87.1348513497,0.9751,,5360,72.2518186777,0.9777
5380,92.6032846637,0.9718,,5370,79.2609206011,0.9745
5390,89.1847937888,0.974,,5380,77.2629442197,0.9782
5400,88.8043597063,0.9734,,5390,72.7809654823,0.9783
5410,90.0583721015,0.9745,,5400,77.9188419391,0.9784
5420,89.1631866396,0.9747,,5410,73.2312021682,0.9787
5430,89.4931376495,0.9753,,5420,75.2730072518,0.9777
5440,86.5287569575,0.9758,,5430,74.1198172058,0.9773
5450,87.5440525942,0.9742,,5440,77.9573423998,0.9765
5460,88.3330505565,0.9743,,5450,77.8005673025,0.9769
5470,88.1206122333,0.9747,,5460,76.5234616525,0.9779
5480,99.3400198043,0.9715,,5470,84.0622877427,0.9761
5490,89.51620654,0.9739,,5480,80.5921440554,0.976
5500,88.8548453418,0.9741,,5490,73.704565114,0.9791
5510,87.0793724655,0.9748,,5500,74.7059304178,0.9779
5520,87.7724148434,0.974,,5510,77.0773504825,0.9781
5530,89.6198643215,0.9745,,5520,76.7871245648,0.9778
5540,87.94235571,0.9747,,5530,77.1671339584,0.9768
5550,88.2392696657,0.9744,,5540,75.8197781937,0.9778
5560,87.0364873397,0.9753,,5550,77.2968537775,0.9779
5570,88.315966448,0.974,,5560,73.8831759961,0.9792
5580,92.5754200999,0.974,,5570,85.9478160676,0.9753
5590,87.4232296706,0.9754,,5580,77.3861671716,0.9772
5600,95.8274897816,0.9735,,5590,84.5845656981,0.9749
5610,87.559811583,0.9749,,5600,75.3011636085,0.9777
5620,98.0596813895,0.9711,,5610,86.4458071136,0.9746
5630,89.3466191885,0.9741,,5620,81.1115047242,0.976
5640,90.7445617886,0.974,,5630,77.5531427348,0.9777
5650,85.5713707415,0.9755,,5640,71.3409976967,0.9783
5660,87.6612519922,0.9741,,5650,74.5487870753,0.9781
5670,85.993627452,0.9748,,5660,70.5131076702,0.9782
5680,87.7461219549,0.9754,,5670,74.5993596933,0.9767
5690,86.176724471,0.9754,,5680,73.4542100904,0.9777
5700,84.5643119764,0.9753,,5690,72.4508113648,0.9786
5710,83.3150810936,0.9747,,5700,71.4802090129,0.9783
5720,90.7995797622,0.9728,,5710,81.2427366825,0.9759
5730,88.4036732733,0.9747,,5720,79.5131410691,0.9776
5740,91.7998201137,0.9746,,5730,79.8416683401,0.9773
5750,85.6371605107,0.9754,,5740,73.7797572862,0.9787
5760,86.6346569558,0.9755,,5750,76.0440517243,0.9777
5770,86.3336119933,0.9751,,5760,73.9032850475,0.9771
5780,87.488329561,0.9736,,5770,74.835058626,0.9777
5790,87.4820572934,0.9748,,5780,76.6256262105,0.9772
5800,85.9302697486,0.9753,,5790,72.7107173852,0.9776
5810,86.1323395619,0.9751,,5800,75.3364052324,0.9777
5820,86.9071917555,0.9753,,5810,73.1519743511,0.9788
5830,85.2315638984,0.9755,,5820,72.8830563263,0.9786
5840,88.2251217329,0.9732,,5830,79.2507547312,0.9764
5850,85.5058933669,0.9766,,5840,76.0786128154,0.9777
5860,83.8370184256,0.9757,,5850,74.0020342739,0.978
5870,84.2118192018,0.9756,,5860,71.7871023258,0.9784
5880,88.9896888661,0.9729,,5870,77.742647698,0.9757
5890,86.3670732546,0.975,,5880,76.2502650932,0.9782
5900,86.109234309,0.9744,,5890,72.66963307,0.9785
5910,87.3299770003,0.9749,,5900,76.7852276607,0.9789
5920,86.1169332274,0.9754,,5910,72.7242423396,0.9786
5930,86.9462576886,0.9761,,5920,75.5731764299,0.978
5940,83.7740831611,0.9765,,5930,73.933182168,0.9776
5950,84.7150106905,0.975,,5940,77.1281988308,0.9767
5960,85.4277855132,0.9747,,5950,77.3987737993,0.9769
5970,85.2828650868,0.9754,,5960,75.833212225,0.9786
5980,96.6190159564,0.9721,,5970,85.597925415,0.9757
5990,86.7768822531,0.9747,,5980,79.7182524758,0.9764
6000,85.9404473433,0.9749,,5990,73.067456301,0.9792
6010,84.286655328,0.9757,,6000,73.9158677975,0.9786
6020,85.1618166079,0.9747,,6010,76.7404963874,0.9783
6030,87.0967555852,0.9747,,6020,76.9965983841,0.9779
6040,85.147263305,0.9748,,6030,76.0045543733,0.9773
6050,85.6279001279,0.9748,,6040,74.8339629287,0.978
6060,84.4763644523,0.9755,,6050,76.6311851079,0.9784
6070,85.5900284934,0.9745,,6060,74.2221303014,0.9796
6080,90.011629161,0.9744,,6070,86.1157575852,0.9755
6090,84.9151326035,0.976,,6080,77.6360091919,0.9779
6100,92.8170206045,0.9746,,6090,83.5288777906,0.9757
6110,84.6563133217,0.9753,,6100,75.5646762217,0.978
6120,94.7106389542,0.9718,,6110,85.3068547353,0.9753
6130,86.4352506126,0.9747,,6120,80.2112107274,0.9762
6140,87.1866342864,0.9747,,6130,77.3162854789,0.9779
6150,82.8530521445,0.9758,,6140,71.1893117457,0.9786
6160,84.8503321184,0.9746,,6150,73.9092281705,0.9785
6170,83.2557934703,0.9753,,6160,70.1254446448,0.9787
6180,85.140531005,0.9761,,6170,74.2441525347,0.9772
6190,83.6354878276,0.9758,,6180,73.4501485961,0.9776
6200,82.0885238193,0.9759,,6190,72.4347961054,0.9794
6210,80.7575814203,0.9756,,6200,71.362909081,0.9781
6220,87.8401060838,0.9733,,6210,79.4019256593,0.9765
6230,85.8693686385,0.9751,,6220,78.810192149,0.9779
6240,89.30852618,0.9747,,6230,78.1654344461,0.9779
6250,83.1808222745,0.9758,,6240,73.2583572532,0.9786
6260,84.1304536768,0.9761,,6250,75.6320211894,0.9776
6270,83.8400289142,0.9752,,6260,73.6630875419,0.9767
6280,85.1983368522,0.9746,,6270,74.3434713265,0.9778
6290,84.9251802563,0.9755,,6280,75.7435496876,0.9771
6300,83.6931080586,0.9761,,6290,73.0544141672,0.9781
6310,83.6472953957,0.9752,,6300,74.8831803939,0.9775
6320,84.6232459319,0.9758,,6310,72.927147329,0.9788
6330,82.8597915312,0.9757,,6320,72.8692628434,0.9789
6340,85.747197208,0.974,,6330,78.8737778844,0.9769
6350,82.9998285261,0.9763,,6340,74.5970903866,0.9784
6360,81.5025781495,0.9764,,6350,73.4720470392,0.9786
6370,81.8415524267,0.9765,,6360,71.7429610551,0.979
6380,86.0268990828,0.9732,,6370,77.0519718005,0.9764
6390,84.0348563306,0.9754,,6380,75.7046172623,0.9785
6400,83.903385997,0.9751,,6390,73.1414572577,0.9786
6410,85.0904580996,0.976,,6400,76.5219563784,0.9791
6420,83.6978235771,0.976,,6410,72.6801931413,0.9787
6430,84.54786722,0.9761,,6420,75.9246908463,0.9782
6440,81.5336976903,0.9767,,6430,74.354109432,0.9778
6450,82.3713327731,0.9752,,6440,76.7442546927,0.977
6460,82.968015415,0.9753,,6450,77.3615586309,0.9774
6470,83.0059263698,0.9761,,6460,75.6691662657,0.979
6480,94.4505846882,0.9726,,6470,86.9928208235,0.9754
6490,84.4943416503,0.9753,,6480,79.4220754964,0.977
6500,83.4099683709,0.9761,,6490,72.9967699144,0.9794
6510,82.0023002932,0.9761,,6500,74.0064065634,0.9784
6520,83.0807543638,0.975,,6510,76.9076729553,0.9786
6530,84.9168314572,0.9756,,6520,78.0244809124,0.9779
6540,82.9226324195,0.9754,,6530,75.4228610927,0.9779
6550,83.5524139219,0.9756,,6540,74.2574055003,0.9784
6560,82.4306623076,0.976,,6550,76.2351250411,0.9787
6570,83.5194930131,0.9754,,6560,74.3775748018,0.9789
6580,87.9839466786,0.9751,,6570,87.4212863022,0.9757
6590,82.9529622674,0.9767,,6580,77.6186170342,0.9786
6600,90.6123368374,0.9747,,6590,82.2367136208,0.9763
6610,82.3981837592,0.9755,,6600,75.6320685452,0.9784
6620,91.5277767472,0.9725,,6610,83.9024055445,0.9759
6630,84.1144453439,0.9753,,6620,79.3519756895,0.9761
6640,84.0700288713,0.9761,,6630,76.3410609018,0.9781
6650,80.5902002053,0.9757,,6640,71.1100588235,0.9787
6660,82.5004716579,0.9759,,6650,73.2375535335,0.979
6670,81.0293435867,0.9758,,6660,70.2646535769,0.9789
6680,83.0879206436,0.9763,,6670,73.8029743879,0.9777
6690,81.6494563966,0.976,,6680,73.2182933515,0.9786
6700,80.1569213587,0.9761,,6690,72.404296444,0.9793
6710,78.7003710704,0.9761,,6700,71.1996034472,0.9786
6720,85.348278519,0.9738,,6710,76.574941422,0.9779
6730,83.7137853878,0.9759,,6720,78.0762457859,0.9784
6740,87.1589695405,0.9754,,6730,77.1553757102,0.9785
6750,81.1759047597,0.9768,,6740,73.1214563298,0.9789
6760,82.0255712882,0.9765,,6750,75.2172729703,0.9782
6770,81.7470300188,0.9761,,6760,73.4727836327,0.9776
6780,83.2473595253,0.9758,,6770,74.3886747062,0.978
6790,82.669799044,0.9758,,6780,74.9673610043,0.9772
6800,81.7502440183,0.9766,,6790,73.4431916954,0.978
6810,81.5904677864,0.9762,,6800,74.6531107513,0.9776
6820,82.6865373671,0.9766,,6810,72.7535531921,0.9794
6830,80.8892644631,0.9758,,6820,73.2648030334,0.9792
6840,83.6658312964,0.9746,,6830,78.5736504267,0.9773
6850,80.8497575092,0.977,,6840,73.6057737056,0.9785
6860,79.5669511126,0.9767,,6850,73.3934953461,0.979
6870,79.7596794293,0.9768,,6860,71.8181993443,0.979
6880,83.5298000955,0.9743,,6870,76.5282392579,0.9769
6890,81.9522328551,0.9763,,6880,75.1396841103,0.9794
6900,81.978524019,0.9761,,6890,73.680696936,0.9793
6910,83.1195493519,0.9766,,6900,76.9840867337,0.9794
6920,81.6375619783,0.9766,,6910,73.2127692677,0.9791
6930,82.7891342317,0.9764,,6920,76.5654630552,0.9784
6940,79.6417112097,0.9765,,6930,74.8303751898,0.978
6950,80.5095336101,0.9761,,6940,76.7685427082,0.9775
6960,80.9612349291,0.9756,,6950,77.3650764377,0.9778
6970,81.0762678959,0.9764,,6960,75.7981866363,0.9787
6980,92.6245913022,0.9725,,6970,87.3837918127,0.9757
6990,82.7250573271,0.9754,,6980,79.2330661854,0.977
7000,81.3020924202,0.9765,,6990,72.9440986146,0.9794
7010,80.0943930931,0.977,,7000,73.7434831347,0.9789
7020,81.3278953876,0.9761,,7010,76.9672698869,0.9786
7030,83.0082938961,0.9757,,7020,78.6189813991,0.9783
7040,80.9278939062,0.9767,,7030,75.0714404399,0.9781
7050,81.6530861523,0.9754,,7040,74.2076777479,0.9785
7060,80.6114977386,0.9763,,7050,75.9996874352,0.9789
7070,81.7438204267,0.9756,,7060,75.2062702661,0.9789
7080,86.2348203279,0.9756,,7070,87.9093844779,0.9755
7090,81.2837791805,0.9768,,7080,78.1343548283,0.9786
7100,88.826347422,0.9751,,7090,81.938427329,0.9768
7110,80.4246225764,0.9759,,7100,75.754391086,0.9785
7120,88.7308399949,0.9733,,7110,81.1841070112,0.9767
7130,82.0837861425,0.9761,,7120,79.1080741568,0.977
7140,81.8090268425,0.977,,7130,75.2703793722,0.9786
7150,78.6691046265,0.9761,,7140,71.3616868109,0.9798
7160,80.4429166781,0.9765,,7150,72.8741493293,0.9794
7170,79.0675377467,0.9763,,7160,70.6014354894,0.9796
7180,81.2796780005,0.9765,,7170,73.7121571158,0.9779
7190,79.9534898788,0.9767,,7180,73.5119408573,0.9787
7200,78.4147459642,0.9764,,7190,72.4896540814,0.9789
7210,76.9214576764,0.977,,7200,71.4104002772,0.9788
7220,83.0124079594,0.9746,,7210,74.5794140965,0.9785
7230,81.829770661,0.9765,,7220,77.1750292119,0.9787
7240,85.3023079965,0.9759,,7230,76.5986432338,0.9792
7250,79.4635077648,0.9773,,7240,73.2775551635,0.9794
7260,80.2349094127,0.9767,,7250,74.715800828,0.9787
7270,80.0103429221,0.9765,,7260,73.5111253755,0.9781
7280,81.4462010983,0.9763,,7270,74.2149695595,0.9784
7290,80.8645032519,0.9763,,7280,74.2524875676,0.9779
7300,80.2214722479,0.9769,,7290,73.7383036052,0.9785
7310,79.8215172743,0.9765,,7300,74.6996067994,0.978
7320,81.0384952527,0.9769,,7310,72.8191696348,0.9793
7330,79.2694732042,0.9761,,7320,73.7705398074,0.9786
7340,81.8792804379,0.9751,,7330,77.6977188078,0.9779
7350,79.1651738356,0.9773,,7340,72.6881232671,0.9799
7360,77.9589698629,0.9771,,7350,73.0913602384,0.9792
7370,78.036387509,0.9771,,7360,72.052938196,0.9795
7380,81.4379299996,0.9754,,7370,75.9808267141,0.9776
7390,80.2701511526,0.9768,,7380,75.2440485543,0.9799
7400,80.268148582,0.9764,,7390,74.4452480581,0.9792
7410,81.4357306506,0.9771,,7400,77.2176149196,0.9795
7420,79.8531516485,0.9773,,7410,74.035783994,0.9798
7430,81.2211999955,0.9766,,7420,77.5484199777,0.9785
7440,78.0647503749,0.9765,,7430,75.995104618,0.9778
7450,78.8369618479,0.9762,,7440,76.949565025,0.9778
7460,79.2226032537,0.9763,,7450,77.3636471346,0.9778
7470,79.3825103631,0.9761,,7460,75.9844362155,0.9786
7480,90.9377449016,0.9727,,7470,87.5179787945,0.9758
7490,81.0400913371,0.976,,7480,78.9402887426,0.9774
7500,79.6215370582,0.9769,,7490,72.9434997423,0.9793
7510,78.4898179646,0.9769,,7500,74.0488058749,0.979
7520,79.7695055185,0.9766,,7510,76.7609658504,0.9788
7530,81.4319636913,0.976,,7520,78.9132950982,0.978
7540,79.2936952887,0.9769,,7530,74.5797828674,0.9787
7550,80.1195099473,0.9762,,7540,74.3041020872,0.9785
7560,78.9806388187,0.9769,,7550,75.9680317747,0.9791
7570,80.236766221,0.9762,,7560,75.747846706,0.9789
7580,84.8321973854,0.9761,,7570,88.7521476793,0.9756
7590,79.8946605503,0.9769,,7580,78.2755878879,0.9789
7600,87.2961886143,0.9756,,7590,81.4957568742,0.9772
7610,78.8485292627,0.976,,7600,75.8004333807,0.9787
7620,86.2497289223,0.9743,,7610,78.6891983518,0.9776
7630,80.4336267254,0.9762,,7620,78.7393502222,0.9778
7640,80.0534107395,0.9771,,7630,74.4893627968,0.9793
7650,77.1615203613,0.9766,,7640,71.5101551179,0.98
7660,78.8033468036,0.9767,,7650,72.6198090891,0.98
7670,77.50513008,0.9765,,7660,70.936755672,0.9796
7680,79.8109359115,0.977,,7670,73.1818554381,0.9787
7690,78.5497186154,0.9768,,7680,73.5870139403,0.9788
7700,76.9442250322,0.9766,,7690,72.6158137389,0.9791
7710,75.4374245239,0.9772,,7700,71.3410969291,0.9796
7720,81.1846640393,0.975,,7710,73.6149040286,0.9792
7730,80.2176612208,0.9769,,7720,76.2256106326,0.9792
7740,83.6850060104,0.9765,,7730,76.3227768253,0.9795
7750,78.0605617684,0.9776,,7740,73.6760679633,0.9797
7760,78.6995894465,0.9768,,7750,74.5816197409,0.9786
7770,78.5254518479,0.9765,,7760,73.7649711152,0.9781
7780,80.0973558467,0.9769,,7770,74.3913636075,0.9785
7790,79.3318663216,0.9758,,7780,73.7201019972,0.9781
7800,78.8718319092,0.9762,,7790,73.9373842887,0.9786
7810,78.3043064255,0.9769,,7800,74.6258994884,0.9782
7820,79.6038536649,0.9774,,7810,72.80063994,0.9795
7830,77.9358355098,0.9765,,7820,74.14484381,0.9788
7840,80.1274014271,0.9758,,7830,77.1146862594,0.9785
7850,77.6639837051,0.9772,,7840,72.3561563048,0.9797
7860,76.6236736273,0.9774,,7850,72.9565887193,0.9789
7870,76.6398626523,0.9773,,7860,72.1409378253,0.9795
7880,79.7928898797,0.9763,,7870,75.9645541155,0.9779
7890,78.8221053487,0.9769,,7880,75.0626760692,0.9799
7900,78.9079325375,0.9767,,7890,75.235952676,0.9794
7910,80.0167477354,0.9775,,7900,77.2576296483,0.9796
7920,78.4420490811,0.978,,7910,74.4482122025,0.9802
7930,79.7928152781,0.9768,,7920,78.0710585098,0.9787
7940,76.7689876855,0.9767,,7930,76.7866620436,0.9785
7950,77.4833697767,0.9766,,7940,77.6562142166,0.9779
7960,77.8867255202,0.977,,7950,77.1071572702,0.9781
7970,78.2546947292,0.9766,,7960,76.3812219501,0.9784
7980,89.3571148208,0.9727,,7970,86.9885845423,0.9759
7990,79.5987760277,0.9764,,7980,78.6808466846,0.9776
8000,78.1388711847,0.977,,7990,73.4606354512,0.9794
8010,77.1652518342,0.9774,,,,
8020,78.5013153761,0.9767,,,,
8030,80.0330396576,0.9764,,,,
8040,77.8856039417,0.9775,,,,
8050,78.7221906973,0.9766,,,,
8060,77.7101835404,0.9772,,,,
8070,78.955264399,0.977,,,,
8080,83.5919162687,0.9765,,,,
8090,78.6634645863,0.9774,,,,
8100,86.0313112506,0.9762,,,,
8110,77.5512425281,0.9767,,,,
8120,84.2701458769,0.9752,,,,
8130,79.0688453043,0.9766,,,,
8140,78.4899474994,0.9776,,,,
8150,75.8243993221,0.9771,,,,
8160,77.3247995363,0.977,,,,
8170,76.1565340736,0.9768,,,,
8180,78.5324543244,0.9774,,,,
8190,77.4217146526,0.977,,,,
8200,75.7466784043,0.9775,,,,
8210,74.1651248197,0.9775,,,,
8220,79.7069227896,0.9753,,,,
8230,78.7945818675,0.977,,,,
8240,82.1948580565,0.9767,,,,
8250,76.8676519539,0.9779,,,,
8260,77.4309146007,0.9774,,,,
8270,77.2254170669,0.9769,,,,
8280,78.7812779213,0.9774,,,,
8290,77.9849410835,0.9764,,,,
8300,77.6690994672,0.9767,,,,
8310,77.0094884288,0.9773,,,,
8320,78.3165933288,0.9773,,,,
8330,76.8201938325,0.9768,,,,
8340,78.5710530565,0.9761,,,,
8350,76.337561183,0.9775,,,,
8360,75.4471490156,0.9778,,,,
8370,75.3349869529,0.9779,,,,
8380,78.2295162283,0.9767,,,,
8390,77.4142638068,0.977,,,,
8400,77.6465479756,0.977,,,,
8410,78.7464870075,0.9774,,,,
8420,77.1297739753,0.9782,,,,
8430,78.6860699883,0.9769,,,,
8440,75.8030343057,0.9768,,,,
8450,76.3761429038,0.9768,,,,
8460,76.6999032471,0.9773,,,,
8470,77.0765297094,0.977,,,,
8480,88.0334297498,0.9733,,,,
8490,78.3416513103,0.9769,,,,
8500,76.8631934543,0.9781,,,,
8510,75.9182874546,0.9779,,,,
8520,77.3212737701,0.9772,,,,
8530,78.8370113275,0.9771,,,,
8540,76.7066069885,0.9773,,,,
8550,77.5395094382,0.9767,,,,
8560,76.5128755835,0.9777,,,,
8570,77.8299870798,0.9778,,,,
8580,82.4399215013,0.9769,,,,
8590,77.5719213158,0.9777,,,,
8600,84.8549882119,0.9766,,,,
8610,76.4053297545,0.9768,,,,
8620,82.2365581621,0.9758,,,,
8630,77.8731225092,0.9764,,,,
8640,77.0422768037,0.9777,,,,
8650,74.6687001794,0.9773,,,,
8660,76.1050076263,0.9771,,,,
8670,74.9891523324,0.9767,,,,
8680,77.382661438,0.9779,,,,
8690,76.2975040648,0.9778,,,,
8700,74.578447178,0.9775,,,,
8710,73.0064630747,0.9775,,,,
8720,78.3453766096,0.9753,,,,
8730,77.6325797969,0.9772,,,,
8740,80.955541115,0.9773,,,,
8750,75.7782991353,0.9783,,,,
8760,76.2127018257,0.9775,,,,
8770,75.9988212092,0.9773,,,,
8780,77.5412843419,0.9779,,,,
8790,76.8604497011,0.9766,,,,
8800,76.6507505815,0.9768,,,,
8810,75.8282268297,0.9774,,,,
8820,77.2204076655,0.9773,,,,
8830,75.8802004134,0.9773,,,,
8840,77.1799028283,0.9764,,,,
8850,75.1201615409,0.9776,,,,
8860,74.4545723977,0.9777,,,,
8870,74.2782372228,0.9781,,,,
8880,76.9327456634,0.9776,,,,
8890,76.2171674049,0.9774,,,,
8900,76.6536489416,0.9776,,,,
8910,77.7313818189,0.9773,,,,
8920,76.1304196394,0.9784,,,,
8930,77.7904959465,0.9772,,,,
8940,74.9971043241,0.9772,,,,
8950,75.4034621202,0.9768,,,,
8960,75.73805871,0.9779,,,,
8970,76.2494620853,0.9771,,,,
8980,86.4763856682,0.9743,,,,
8990,77.2764248233,0.9772,,,,
9000,75.7612173266,0.9784,,,,
9010,74.9460423002,0.9783,,,,
9020,76.4290075826,0.9768,,,,
9030,77.6663756592,0.9775,,,,
9040,75.6889141146,0.9774,,,,
9050,76.5583329794,0.9771,,,,
9060,75.5640240814,0.9778,,,,
9070,76.961345461,0.9782,,,,
9080,81.4346491304,0.9771,,,,
9090,76.7115797379,0.9779,,,,
9100,83.9460211918,0.977,,,,
9110,75.4792669176,0.9769,,,,
9120,80.5029634918,0.9767,,,,
9130,76.8816443938,0.9764,,,,
9140,75.807745043,0.9779,,,,
9150,73.6684723526,0.9777,,,,
9160,75.0212942229,0.9772,,,,
9170,73.9369890857,0.977,,,,
9180,76.3078052415,0.9779,,,,
9190,75.3850512086,0.9777,,,,
9200,73.6516883546,0.9776,,,,
9210,72.0662188975,0.9776,,,,
9220,77.093802362,0.9754,,,,
9230,76.5076409209,0.9774,,,,
9240,79.8088301056,0.9774,,,,
9250,74.9097886587,0.978,,,,
9260,75.22162257,0.9778,,,,
9270,74.9283348877,0.9775,,,,
9280,76.3998866021,0.978,,,,
9290,75.7523000679,0.9769,,,,
9300,75.6422721322,0.9768,,,,
9310,74.7564472667,0.9777,,,,
9320,76.1475106555,0.9773,,,,
9330,75.0874585449,0.9778,,,,
9340,75.9404649456,0.9766,,,,
9350,74.1196200739,0.9778,,,,
9360,73.6404184128,0.9776,,,,
9370,73.3345141787,0.9782,,,,
9380,75.8558824078,0.9774,,,,
9390,75.1352383436,0.9778,,,,
9400,75.6439392808,0.9781,,,,
9410,76.6828232783,0.9777,,,,
9420,75.2014658372,0.9784,,,,
9430,76.8500951353,0.9774,,,,
9440,74.1823516235,0.9776,,,,
9450,74.5175393111,0.9775,,,,
9460,74.8198511866,0.9778,,,,
9470,75.4197986559,0.9776,,,,
9480,85.2646191354,0.9745,,,,
9490,76.3435961216,0.9775,,,,
9500,74.8581721338,0.9786,,,,
9510,74.060691513,0.9781,,,,
9520,75.4685811203,0.9773,,,,
9530,76.6007085867,0.9781,,,,
9540,74.7529662088,0.978,,,,
9550,75.6568815623,0.9775,,,,
9560,74.7275359977,0.9783,,,,
9570,76.195632332,0.9783,,,,
9580,80.6720348254,0.9776,,,,
9590,75.7755065694,0.9779,,,,
9600,82.9432594967,0.9766,,,,
9610,74.6975400246,0.9773,,,,
9620,79.2169719416,0.9773,,,,
9630,75.9960845403,0.9767,,,,
9640,74.7990363455,0.9785,,,,
9650,72.81769357,0.9782,,,,
9660,74.0251287153,0.9775,,,,
9670,73.0814578613,0.9769,,,,
9680,75.4566333183,0.9782,,,,
9690,74.657649611,0.9776,,,,
9700,72.8729535435,0.978,,,,
9710,71.2637839729,0.9781,,,,
9720,76.0911027505,0.9756,,,,
9730,75.5422479458,0.9778,,,,
9740,78.8536494307,0.9778,,,,
9750,74.160449784,0.9785,,,,
9760,74.3651322992,0.9779,,,,
9770,74.0603704198,0.9781,,,,
9780,75.5412380182,0.9781,,,,
9790,74.8476473674,0.9775,,,,
9800,74.8387825708,0.9772,,,,
9810,73.8924449411,0.9774,,,,
9820,75.2491458356,0.978,,,,
9830,74.5004829932,0.9778,,,,
9840,74.8810462373,0.9771,,,,
9850,73.2161367066,0.9781,,,,
9860,72.9645482159,0.9779,,,,
9870,72.5711346196,0.9786,,,,
9880,74.8988057554,0.9779,,,,
9890,74.2869979735,0.978,,,,
9900,74.8289183001,0.9785,,,,
9910,75.737080059,0.9777,,,,
9920,74.4367695006,0.9786,,,,
9930,76.0833475102,0.9775,,,,
9940,73.4721607297,0.9779,,,,
9950,73.7454312149,0.9781,,,,
9960,74.0819342111,0.9784,,,,
9970,74.7025301536,0.9777,,,,
9980,84.449619049,0.9752,,,,
9990,75.5176856226,0.9775,,,,
10000,74.026255673,0.9787,,,,
10010,73.2906867989,0.9787,,,,
10020,74.7632179412,0.9772,,,,
10030,75.8194374186,0.9784,,,,
10040,73.9845610557,0.9788,,,,
10050,74.8863192929,0.9784,,,,
10060,73.9858216849,0.9786,,,,
10070,75.5839635761,0.9786,,,,
10080,80.0576541719,0.9779,,,,
10090,75.1637123662,0.9782,,,,
10100,82.3087416473,0.9768,,,,
10110,74.060881166,0.9769,,,,
10120,77.8390114093,0.9778,,,,
10130,75.2598610256,0.9772,,,,
10140,73.956794041,0.9784,,,,
10150,72.0698703663,0.9786,,,,
10160,73.1770430753,0.978,,,,
10170,72.2855730533,0.9775,,,,
10180,74.5714498508,0.9781,,,,
10190,73.9508971454,0.9777,,,,
10200,72.0697975892,0.9783,,,,
10210,70.5365471906,0.9781,,,,
10220,75.0802343459,0.9761,,,,
10230,74.7040528608,0.9781,,,,
10240,77.9545443517,0.9781,,,,
10250,73.4425977861,0.9783,,,,
10260,73.5490967326,0.9781,,,,
10270,73.2179997502,0.9782,,,,
10280,74.5673678386,0.9782,,,,
10290,74.0201682784,0.9776,,,,
10300,74.1001736512,0.9777,,,,
10310,73.0800584323,0.9777,,,,
10320,74.4178178404,0.9781,,,,
10330,73.8574199785,0.9783,,,,
10340,73.815253422,0.9773,,,,
10350,72.4469849689,0.9782,,,,
10360,72.3310042217,0.9779,,,,
10370,71.8469452306,0.9786,,,,
10380,74.0675864764,0.9782,,,,
10390,73.4406604817,0.9781,,,,
10400,74.058816267,0.9784,,,,
10410,74.9741721404,0.9777,,,,
10420,73.6867569386,0.9788,,,,
10430,75.5774153961,0.9776,,,,
10440,73.0531871362,0.9781,,,,
10450,73.1639861874,0.9785,,,,
10460,73.3911024908,0.9784,,,,
10470,74.0376864317,0.9776,,,,
10480,83.236074774,0.9754,,,,
10490,74.7887718334,0.9776,,,,
10500,73.3750928255,0.9789,,,,
10510,72.6813775999,0.9788,,,,
10520,74.0859338085,0.9777,,,,
10530,75.0544602488,0.9785,,,,
10540,73.3578372374,0.9791,,,,
10550,74.2152851344,0.9784,,,,
10560,73.4066064602,0.979,,,,
10570,75.0264229377,0.9786,,,,
10580,79.4453723111,0.978,,,,
10590,74.6805183568,0.9786,,,,
10600,81.6535234786,0.9767,,,,
10610,73.5444038226,0.9773,,,,
10620,76.7397300373,0.9779,,,,
10630,74.6002988791,0.9774,,,,
10640,73.2220300322,0.9786,,,,
10650,71.4078484248,0.9789,,,,
10660,72.4298808975,0.9781,,,,
10670,71.6781358707,0.9783,,,,
10680,73.9311966859,0.9783,,,,
10690,73.390752629,0.9777,,,,
10700,71.5595857292,0.9784,,,,
10710,69.9884672871,0.9782,,,,
10720,74.2243234539,0.9767,,,,
10730,74.0523517433,0.9778,,,,
10740,77.2721368905,0.9781,,,,
10750,72.9452475628,0.9786,,,,
10760,72.9442500989,0.978,,,,
10770,72.5671205104,0.9786,,,,
10780,73.9033763272,0.978,,,,
10790,73.3464863737,0.9779,,,,
10800,73.4590827775,0.9779,,,,
10810,72.4586382113,0.9776,,,,
10820,73.7167832481,0.9784,,,,
10830,73.3752860835,0.9782,,,,
10840,73.0050600077,0.9776,,,,
10850,71.7677992852,0.9784,,,,
10860,71.8802419244,0.978,,,,
10870,71.3711123169,0.9786,,,,
10880,73.4687936151,0.9782,,,,
10890,72.7935206734,0.9781,,,,
10900,73.5041221731,0.9784,,,,
10910,74.2717806841,0.9778,,,,
10920,73.0774154247,0.9786,,,,
10930,74.9942930687,0.9781,,,,
10940,72.6397098895,0.9783,,,,
10950,72.6493621052,0.9787,,,,
10960,72.8623403885,0.9786,,,,
10970,73.5590932232,0.9776,,,,
10980,82.445466722,0.9756,,,,
10990,74.1188733927,0.9779,,,,
11000,72.7501546911,0.9791,,,,
11010,72.1518424628,0.979,,,,
11020,73.5007960045,0.9778,,,,
11030,74.3202442008,0.9789,,,,
11040,72.7324585212,0.9792,,,,
11050,73.5790374808,0.9787,,,,
11060,72.7803939293,0.9793,,,,
11070,74.5682222955,0.9788,,,,
11080,79.0624633644,0.9779,,,,
11090,74.1710240196,0.9789,,,,
11100,80.9387953221,0.977,,,,
11110,73.0738012295,0.9776,,,,
11120,75.8358968846,0.9785,,,,
11130,74.0488953795,0.9777,,,,
11140,72.5624684469,0.9788,,,,
11150,70.8872250143,0.9788,,,,
11160,71.7997769819,0.9783,,,,
11170,71.1070211915,0.9784,,,,
11180,73.1145777669,0.9786,,,,
11190,72.8670126502,0.9777,,,,
11200,70.9973007096,0.9789,,,,
11210,69.4699628672,0.9783,,,,
11220,73.4343644894,0.9772,,,,
11230,73.3981453185,0.9781,,,,
11240,76.4531379708,0.9784,,,,
11250,72.4130616828,0.9782,,,,
11260,72.3179965096,0.9781,,,,
11270,71.8794570338,0.9784,,,,
11280,73.1500454211,0.9787,,,,
11290,72.7030152711,0.9779,,,,
11300,72.8865838847,0.9779,,,,
11310,71.8663147455,0.9775,,,,
11320,73.0291832796,0.9786,,,,
11330,72.9437251298,0.9785,,,,
11340,72.2380973152,0.9781,,,,
11350,71.1407386491,0.9783,,,,
11360,71.4873971209,0.9779,,,,
11370,70.8717832686,0.9785,,,,
11380,72.8245653772,0.978,,,,
11390,72.2164677404,0.9783,,,,
11400,72.9377640717,0.9787,,,,
11410,73.6462736935,0.9779,,,,
11420,72.5614921589,0.9791,,,,
11430,74.4157170676,0.9785,,,,
11440,72.2873829426,0.9784,,,,
11450,72.189724981,0.9787,,,,
11460,72.3331873936,0.9793,,,,
11470,73.062228647,0.978,,,,
11480,81.5606599172,0.9757,,,,
11490,73.6497204201,0.978,,,,
11500,72.3010023183,0.9793,,,,
11510,71.7034960536,0.9794,,,,
11520,72.9658113282,0.9779,,,,
11530,73.6630626843,0.9791,,,,
11540,72.2536903581,0.9795,,,,
11550,73.0295925102,0.9785,,,,
11560,72.3338217515,0.9796,,,,
11570,74.1449325728,0.9786,,,,
11580,78.5567911951,0.9782,,,,
11590,73.7332552461,0.979,,,,
11600,80.252881665,0.9773,,,,
11610,72.7276088019,0.9783,,,,
11620,74.8007556223,0.9787,,,,
11630,73.6738171024,0.978,,,,
11640,72.0688589465,0.979,,,,
11650,70.3952546697,0.9789,,,,
11660,71.2175151031,0.9788,,,,
11670,70.6571023546,0.9788,,,,
11680,72.6054954058,0.9788,,,,
11690,72.4608454431,0.9781,,,,
11700,70.5537501096,0.979,,,,
11710,69.0211913308,0.9786,,,,
11720,72.7792623776,0.9773,,,,
11730,72.8606329984,0.9783,,,,
11740,75.8094537156,0.9787,,,,
11750,72.078031446,0.9788,,,,
11760,71.8729613049,0.9781,,,,
11770,71.3932879752,0.9787,,,,
11780,72.5902175704,0.979,,,,
11790,72.0989812708,0.9778,,,,
11800,72.3436033565,0.9781,,,,
11810,71.3443920244,0.9776,,,,
11820,72.456774068,0.9787,,,,
11830,72.587161375,0.9786,,,,
11840,71.5325501914,0.9783,,,,
11850,70.5852182832,0.9784,,,,
11860,71.1663058695,0.9781,,,,
11870,70.4404871167,0.9788,,,,
11880,72.2952120917,0.9781,,,,
11890,71.6616115926,0.9785,,,,
11900,72.3761855104,0.9788,,,,
11910,73.003611299,0.9783,,,,
11920,72.016208351,0.9791,,,,
11930,73.9837299567,0.9785,,,,
11940,71.9555402623,0.9785,,,,
11950,71.783343521,0.9788,,,,
11960,71.8657760506,0.9794,,,,
11970,72.6074509299,0.9783,,,,
11980,80.5757585124,0.9758,,,,
11990,73.0706050276,0.9783,,,,
12000,71.8200634808,0.9797,,,,
12010,71.3664531881,0.9794,,,,
12020,72.5929503164,0.9778,,,,
12030,73.0486180658,0.9793,,,,
12040,71.8437723331,0.9791,,,,
12050,72.5744158858,0.9788,,,,
12060,71.9247611381,0.9796,,,,
12070,73.7669247089,0.9785,,,,
12080,78.1793199013,0.9783,,,,
12090,73.5005304551,0.9793,,,,
12100,79.8739336545,0.9776,,,,
12110,72.3713833217,0.9785,,,,
12120,74.1017353973,0.9791,,,,
12130,73.3017270259,0.9781,,,,
12140,71.5691431648,0.9784,,,,
12150,70.0340276741,0.979,,,,
12160,70.7747328907,0.9785,,,,
12170,70.2209310644,0.9787,,,,
12180,72.0332549307,0.979,,,,
12190,72.0532306677,0.9779,,,,
12200,70.2109966129,0.9792,,,,
12210,68.6974951869,0.9787,,,,
12220,72.2077203617,0.9777,,,,
12230,72.4457771816,0.978,,,,
12240,75.1748345763,0.9788,,,,
12250,71.7182787311,0.9787,,,,
12260,71.3784869316,0.9784,,,,
12270,70.90549205,0.9789,,,,
12280,71.9561902825,0.9791,,,,
12290,71.5082364326,0.9781,,,,
12300,71.8498495358,0.9781,,,,
12310,70.8902952874,0.9777,,,,
12320,71.9324385064,0.9786,,,,
12330,72.3071492853,0.979,,,,
12340,70.9749655214,0.9787,,,,
12350,70.2039993167,0.9785,,,,
12360,70.8498882208,0.9782,,,,
12370,70.084268605,0.9788,,,,
12380,71.9149949769,0.978,,,,
12390,71.1865845643,0.9786,,,,
12400,71.9228076065,0.9792,,,,
12410,72.4423611338,0.9784,,,,
12420,71.5756804319,0.9794,,,,
12430,73.5776594797,0.9787,,,,
12440,71.8026621652,0.9786,,,,
12450,71.4431239351,0.9789,,,,
12460,71.4632459429,0.9796,,,,
12470,72.129821384,0.9786,,,,
12480,79.4541712365,0.9766,,,,
12490,72.6387093678,0.9781,,,,
12500,71.4055118206,0.9796,,,,
12510,71.0008499081,0.9793,,,,
12520,72.1226944028,0.9782,,,,
12530,72.6347995844,0.9791,,,,
12540,71.4206028269,0.9791,,,,
12550,72.047937512,0.9789,,,,
12560,71.4369308347,0.9796,,,,
12570,73.3829030054,0.979,,,,
12580,77.8376037755,0.9783,,,,
12590,73.1854566286,0.9793,,,,
12600,79.1944284526,0.978,,,,
12610,72.0480044736,0.9789,,,,
12620,73.3368919136,0.9791,,,,
12630,72.9061201701,0.9786,,,,
12640,71.15523054,0.9786,,,,
12650,69.6877833028,0.9789,,,,
12660,70.33245491,0.9785,,,,
12670,69.9084154907,0.9789,,,,
12680,71.6222576526,0.9792,,,,
12690,71.9151033223,0.978,,,,
12700,69.9888923662,0.9792,,,,
12710,68.4924145279,0.9787,,,,
12720,71.6680401857,0.9779,,,,
12730,72.1411448771,0.9783,,,,
12740,74.7331536379,0.9788,,,,
12750,71.5787941606,0.9788,,,,
12760,71.1271659137,0.979,,,,
12770,70.5813602542,0.9788,,,,
12780,71.553723675,0.9792,,,,
12790,71.1481339849,0.9782,,,,
12800,71.5474397708,0.978,,,,
12810,70.6182362888,0.9779,,,,
12820,71.5839680502,0.9784,,,,
12830,72.0987925953,0.9788,,,,
12840,70.4511235177,0.9791,,,,
12850,69.8092988401,0.9786,,,,
12860,70.7092007386,0.9785,,,,
12870,69.8111398703,0.9791,,,,
12880,71.5175502955,0.9778,,,,
12890,70.8476236727,0.9786,,,,
12900,71.6224520716,0.9793,,,,
12910,72.0811619161,0.9785,,,,
12920,71.1818100402,0.9798,,,,
12930,73.1128724866,0.9785,,,,
12940,71.5036442493,0.979,,,,
12950,71.1459001653,0.9789,,,,
12960,71.0989050982,0.9796,,,,
12970,71.7937649052,0.9789,,,,
12980,78.8900184333,0.977,,,,
12990,72.2686891238,0.9783,,,,
13000,71.0927868807,0.9796,,,,
13010,70.7028327911,0.9793,,,,
13020,71.7690461684,0.9783,,,,
13030,72.0939002571,0.9794,,,,
13040,71.0935508027,0.9796,,,,
13050,71.6703768855,0.979,,,,
13060,71.1575909119,0.9799,,,,
13070,73.0790137067,0.9793,,,,
13080,77.5193239702,0.9782,,,,
13090,72.8943499456,0.9794,,,,
13100,78.6668544327,0.978,,,,
13110,71.8771687256,0.9794,,,,
13120,72.740733594,0.979,,,,
13130,72.672396805,0.9786,,,,
13140,70.8552653207,0.9788,,,,
13150,69.4360151485,0.9787,,,,
13160,70.0060777927,0.9783,,,,
13170,69.584813899,0.979,,,,
13180,71.1311553034,0.9792,,,,
13190,71.5839808801,0.9781,,,,
13200,69.7125802254,0.9792,,,,
13210,68.2158474609,0.9792,,,,
13220,71.18427691,0.9781,,,,
13230,71.7060039184,0.9783,,,,
13240,74.1651011102,0.9791,,,,
13250,71.2452935934,0.9786,,,,
13260,70.7007081838,0.979,,,,
13270,70.2134178276,0.9791,,,,
13280,71.0252315433,0.9793,,,,
13290,70.691030053,0.9784,,,,
13300,71.1298856987,0.9781,,,,
13310,70.2945058124,0.9779,,,,
13320,71.2163527867,0.9785,,,,
13330,71.8796176844,0.9789,,,,
13340,69.9927169709,0.9791,,,,
13350,69.5459095835,0.9788,,,,
13360,70.5366892987,0.9783,,,,
13370,69.5910555989,0.9786,,,,
13380,71.2749581868,0.9779,,,,
13390,70.546965785,0.9789,,,,
13400,71.3030254164,0.9794,,,,
13410,71.6713594645,0.9787,,,,
13420,70.9189286922,0.9798,,,,
13430,72.9495683228,0.9785,,,,
13440,71.4644860779,0.9787,,,,
13450,71.0250565373,0.9788,,,,
13460,70.8669527318,0.9795,,,,
13470,71.5389569032,0.9791,,,,
13480,77.8252026022,0.9774,,,,
13490,71.9831071745,0.9785,,,,
13500,70.8497190862,0.9798,,,,
13510,70.4996931106,0.9796,,,,
13520,71.4910761225,0.9787,,,,
13530,71.8484888674,0.9793,,,,
13540,70.9187145508,0.9799,,,,
13550,71.3625175094,0.9793,,,,
13560,70.8862523027,0.9802,,,,
13570,72.8259542886,0.9797,,,,
13580,77.2912171919,0.9786,,,,
13590,72.7345117877,0.9795,,,,
13600,78.0940989646,0.9784,,,,
13610,71.6991993196,0.98,,,,
13620,72.3548652562,0.9789,,,,
13630,72.3990136366,0.979,,,,
13640,70.6357416041,0.9793,,,,
13650,69.2068146565,0.9793,,,,
13660,69.6887343369,0.9786,,,,
13670,69.3451587311,0.9793,,,,
13680,70.8780545703,0.9793,,,,
13690,71.4383696866,0.9782,,,,
13700,69.5786890293,0.9789,,,,
13710,68.0481597984,0.9794,,,,
13720,70.810180165,0.9782,,,,
13730,71.4949204841,0.978,,,,
13740,73.7297650316,0.979,,,,
13750,71.1292520253,0.9786,,,,
13760,70.456410355,0.9791,,,,
13770,69.9329467577,0.9792,,,,
13780,70.63177986,0.9796,,,,
13790,70.3552379663,0.9786,,,,
13800,70.8080061176,0.9782,,,,
13810,70.0384599444,0.978,,,,
13820,70.8882522557,0.9788,,,,
13830,71.7117154243,0.9789,,,,
13840,69.64036391,0.979,,,,
13850,69.2670524272,0.9791,,,,
13860,70.3903361398,0.9782,,,,
13870,69.4476963401,0.9784,,,,
13880,71.0059030703,0.9779,,,,
13890,70.1793578802,0.9792,,,,
13900,70.8883001734,0.9793,,,,
13910,71.268814626,0.9787,,,,
13920,70.5686169249,0.9802,,,,
13930,72.6979201073,0.9784,,,,
13940,71.37356232,0.9792,,,,
13950,70.8361699647,0.9787,,,,
13960,70.6732117278,0.9799,,,,
13970,71.3211284535,0.9794,,,,
13980,77.2829290926,0.9778,,,,
13990,71.7920784766,0.9785,,,,
14000,70.6868330652,0.9795,,,,
14010,70.3256329078,0.9798,,,,
14020,71.1918709496,0.9792,,,,
14030,71.4421518732,0.9795,,,,
14040,70.7209565723,0.9799,,,,
14050,71.1372714702,0.9794,,,,
14060,70.6944577919,0.98,,,,
14070,72.6049594401,0.9798,,,,
14080,77.072204607,0.9787,,,,
14090,72.6255660159,0.9798,,,,
14100,77.6390264974,0.9784,,,,
14110,71.6016955305,0.9802,,,,
14120,71.9181594396,0.9789,,,,
14130,72.302035058,0.9787,,,,
14140,70.4891848248,0.979,,,,
14150,69.048985872,0.9793,,,,
14160,69.4441801097,0.9787,,,,
14170,69.1587385575,0.9794,,,,
14180,70.5314379981,0.9792,,,,
14190,71.2195395503,0.9784,,,,
14200,69.4331925019,0.9793,,,,
14210,67.912521691,0.9795,,,,
14220,70.4830489346,0.9783,,,,
14230,71.2010296936,0.978,,,,
14240,73.3109292566,0.979,,,,
14250,70.9736044566,0.9787,,,,
14260,70.252396306,0.979,,,,
14270,69.6928312081,0.9795,,,,
14280,70.1966556018,0.9798,,,,
14290,70.0027946747,0.9787,,,,
14300,70.4679483427,0.9784,,,,
14310,69.8032871243,0.9781,,,,
14320,70.6326603824,0.9788,,,,
14330,71.5707218891,0.9787,,,,
14340,69.2930953052,0.979,,,,
14350,69.0380353512,0.9791,,,,
14360,70.2706955897,0.9782,,,,
14370,69.2710280913,0.9784,,,,
14380,70.8563735907,0.9778,,,,
14390,70.028174717,0.9795,,,,
14400,70.7168251097,0.9791,,,,
14410,71.0670481184,0.9791,,,,
14420,70.3547252334,0.9802,,,,
14430,72.4477437886,0.9786,,,,
14440,71.2950870832,0.9792,,,,
14450,70.7041972151,0.9792,,,,
14460,70.432471406,0.9799,,,,
14470,71.0261757817,0.9795,,,,
14480,76.3715540912,0.978,,,,
14490,71.509660161,0.9794,,,,
14500,70.4751564668,0.9793,,,,
14510,70.1913372853,0.9797,,,,
14520,70.9897798322,0.9792,,,,
14530,71.2240666976,0.9796,,,,
14540,70.5814055291,0.98,,,,
14550,70.9522223108,0.9795,,,,
14560,70.5135787825,0.9799,,,,
14570,72.3881826296,0.9799,,,,
14580,76.9081299603,0.9793,,,,
14590,72.4876658947,0.98,,,,
14600,77.1929966634,0.9788,,,,
14610,71.5426494286,0.9802,,,,
14620,71.6021087722,0.9794,,,,
14630,72.1948348387,0.9788,,,,
14640,70.371240156,0.979,,,,
14650,68.9598941563,0.9796,,,,
14660,69.2902405931,0.9789,,,,
14670,69.0762034932,0.9798,,,,
14680,70.3536355455,0.9791,,,,
14690,71.1748446637,0.9785,,,,
14700,69.3759555754,0.9793,,,,
14710,67.8389607141,0.9795,,,,
14720,70.2149810811,0.9786,,,,
14730,71.0902218831,0.978,,,,
14740,73.0473953535,0.9791,,,,
14750,70.9503157405,0.9788,,,,
14760,70.106682384,0.9792,,,,
14770,69.5563888,0.9793,,,,
14780,69.9817182113,0.9799,,,,
14790,69.8278611214,0.9789,,,,
14800,70.3143418535,0.9785,,,,
14810,69.7221693952,0.9782,,,,
14820,70.4955985163,0.9788,,,,
14830,71.5743472463,0.9789,,,,
14840,69.0601737798,0.9791,,,,
14850,68.9121694927,0.979,,,,
14860,70.2959050131,0.9782,,,,
14870,69.2453871363,0.9786,,,,
14880,70.7068573879,0.9778,,,,
14890,69.8303912005,0.9793,,,,
14900,70.4862966093,0.979,,,,
14910,70.8447726425,0.9793,,,,
14920,70.2246676743,0.9804,,,,
14930,72.3464739596,0.9784,,,,
14940,71.2879732922,0.9793,,,,
14950,70.6921788931,0.9793,,,,
14960,70.3165523137,0.98,,,,
14970,70.9084594193,0.9796,,,,
14980,75.6609687207,0.9787,,,,
14990,71.3910269036,0.9796,,,,
15000,70.3807342563,0.9793,,,,
15010,70.1304739024,0.9796,,,,
15020,70.805189351,0.9791,,,,
15030,70.9195524959,0.9795,,,,
15040,70.4406358884,0.9798,,,,
15050,70.7787949268,0.9796,,,,
15060,70.423538778,0.98,,,,
15070,72.276976456,0.98,,,,
15080,76.7768821508,0.9793,,,,
15090,72.477492024,0.9799,,,,
15100,76.9183852992,0.9791,,,,
15110,71.4611406302,0.98,,,,
15120,71.3469128243,0.9794,,,,
15130,72.0057904277,0.979,,,,
15140,70.2874382006,0.9793,,,,
15150,68.8440914397,0.9799,,,,
15160,69.1232038911,0.9793,,,,
15170,68.9401818667,0.9797,,,,
15180,70.0938523324,0.9796,,,,
15190,71.0249944244,0.9785,,,,
15200,69.3133856993,0.9795,,,,
15210,67.7876939664,0.9795,,,,
15220,70.0009226073,0.9781,,,,
15230,70.8958376433,0.9783,,,,
15240,72.6716603043,0.9796,,,,
15250,70.8311671301,0.979,,,,
15260,69.9653433012,0.9793,,,,
15270,69.3662095587,0.9792,,,,
15280,69.6402969119,0.9799,,,,
15290,69.6117164033,0.9792,,,,
15300,70.1121718747,0.9785,,,,
15310,69.5752612697,0.9785,,,,
15320,70.3107456436,0.9789,,,,
15330,71.4691731227,0.9788,,,,
15340,68.8267866714,0.9791,,,,
15350,68.7537622608,0.9788,,,,
15360,70.1882918436,0.9781,,,,
15370,69.1673547776,0.9785,,,,
15380,70.6133244852,0.978,,,,
15390,69.6959322609,0.9792,,,,
15400,70.2923138635,0.979,,,,
15410,70.6000173382,0.9792,,,,
15420,70.05924055,0.9803,,,,
15430,72.2002429199,0.9785,,,,
15440,71.2154022287,0.9795,,,,
15450,70.6165587072,0.9791,,,,
15460,70.1764552971,0.98,,,,
15470,70.7598290603,0.9801,,,,
15480,74.9813492368,0.979,,,,
15490,71.2075024658,0.9797,,,,
15500,70.2862876858,0.98,,,,
15510,69.9888709986,0.9794,,,,
15520,70.6160251179,0.9792,,,,
15530,70.7203910843,0.9795,,,,
15540,70.3369005156,0.9796,,,,
15550,70.6557401158,0.9795,,,,
15560,70.2938093121,0.9799,,,,
15570,72.153679086,0.9799,,,,
15580,76.6350134903,0.9793,,,,
15590,72.4228201659,0.9798,,,,
15600,76.5848007225,0.9792,,,,
15610,71.4172867243,0.98,,,,
15620,71.1483284134,0.9792,,,,
15630,71.9302071336,0.9788,,,,
15640,70.2575665285,0.9793,,,,
15650,68.7939773728,0.9799,,,,
15660,69.0084453562,0.9792,,,,
15670,68.898035521,0.9796,,,,
15680,69.9815255408,0.98,,,,
15690,70.9445269914,0.9787,,,,
15700,69.3570688593,0.9794,,,,
15710,67.7877222405,0.9796,,,,
15720,69.7712521484,0.9782,,,,
15730,70.7623703966,0.9782,,,,
15740,72.4570796932,0.9799,,,,
15750,70.757103549,0.9792,,,,
15760,69.853933032,0.9794,,,,
15770,69.2995624967,0.9792,,,,
15780,69.4938649894,0.9798,,,,
15790,69.4699649627,0.9792,,,,
15800,69.9090394741,0.9788,,,,
15810,69.4823766362,0.9786,,,,
15820,70.1919518427,0.9789,,,,
15830,71.427684792,0.9789,,,,
15840,68.6523022139,0.9789,,,,
15850,68.6920416538,0.9787,,,,
15860,70.1387791787,0.9783,,,,
15870,69.1484398395,0.9788,,,,
15880,70.5287940703,0.978,,,,
15890,69.5572831402,0.9793,,,,
15900,70.1344261613,0.9794,,,,
15910,70.4512030377,0.979,,,,
15920,69.9025052347,0.9803,,,,
15930,72.0615464597,0.9788,,,,
15940,71.2507588029,0.9794,,,,
15950,70.6130223959,0.9791,,,,
15960,70.1039473243,0.9799,,,,
15970,70.6215449509,0.9801,,,,
15980,74.6285978131,0.9793,,,,
15990,71.2033730262,0.9798,,,,
16000,70.2200246031,0.9802,,,,
16010,69.9586688572,0.9793,,,,
16020,70.4600815546,0.9792,,,,
16030,70.5452951701,0.9795,,,,
16040,70.2637969606,0.9798,,,,
16050,70.5317081102,0.9795,,,,
16060,70.2102353905,0.98,,,,
16070,71.9753043887,0.9799,,,,
16080,76.5861856414,0.9793,,,,
16090,72.3752418598,0.98,,,,
16100,76.2714655686,0.9791,,,,
16110,71.4023677189,0.9799,,,,
16120,70.9198146498,0.9792,,,,
16130,71.844998322,0.979,,,,
16140,70.2306591923,0.9793,,,,
16150,68.7410865231,0.9799,,,,
16160,68.8706677462,0.9793,,,,
16170,68.8086642398,0.9799,,,,
16180,69.7723490751,0.98,,,,
16190,70.8277615821,0.9788,,,,
16200,69.3218823499,0.9796,,,,
16210,67.7917887442,0.9797,,,,
16220,69.6701872193,0.9785,,,,
16230,70.601533064,0.9784,,,,
16240,72.1974921233,0.98,,,,
16250,70.6847533417,0.9793,,,,
16260,69.7485597367,0.9797,,,,
16270,69.1735731417,0.9792,,,,
16280,69.21822708,0.9801,,,,
16290,69.2919907394,0.9792,,,,
16300,69.7471688726,0.979,,,,
16310,69.3796584128,0.9787,,,,
16320,70.053895142,0.979,,,,
16330,71.3607071628,0.9789,,,,
16340,68.4870567269,0.9786,,,,
16350,68.5875517995,0.979,,,,
16360,70.0707256489,0.9783,,,,
16370,69.1196973739,0.9791,,,,
16380,70.4737805609,0.9779,,,,
16390,69.4425212004,0.9793,,,,
16400,69.9684579353,0.9794,,,,
16410,70.2563157197,0.9793,,,,
16420,69.7518147089,0.9803,,,,
16430,71.9111438183,0.9791,,,,
16440,71.1724728215,0.9796,,,,
16450,70.560409234,0.9791,,,,
16460,70.0494724278,0.98,,,,
16470,70.538006075,0.98,,,,
16480,74.0563137949,0.9792,,,,
16490,71.130887405,0.9804,,,,
16500,70.1592530995,0.9801,,,,
16510,69.9030524057,0.9796,,,,
16520,70.3625033645,0.9794,,,,
16530,70.3948505458,0.9795,,,,
16540,70.2117878657,0.9798,,,,
16550,70.4439877263,0.9796,,,,
16560,70.1237279493,0.9801,,,,
16570,71.8744616073,0.98,,,,
16580,76.4440678174,0.9795,,,,
16590,72.4389653423,0.9801,,,,
16600,76.0529599418,0.9792,,,,
16610,71.4373707504,0.9799,,,,
16620,70.7664353881,0.9796,,,,
16630,71.7150793199,0.9791,,,,
16640,70.1977346336,0.9796,,,,
16650,68.7085490253,0.9799,,,,
16660,68.7725553496,0.9794,,,,
16670,68.751177096,0.9796,,,,
16680,69.6644159515,0.98,,,,
16690,70.770448067,0.9789,,,,
16700,69.3260248088,0.9796,,,,
16710,67.7981376336,0.9798,,,,
16720,69.5678689772,0.9785,,,,
16730,70.5162061431,0.9786,,,,
16740,71.9819360679,0.98,,,,
16750,70.625954779,0.9797,,,,
16760,69.6372083848,0.9796,,,,
16770,69.1076262838,0.9793,,,,
16780,69.0563406563,0.9801,,,,
16790,69.0970121234,0.9793,,,,
16800,69.5438304074,0.979,,,,
16810,69.2522786957,0.9787,,,,
16820,69.9109114717,0.9791,,,,
16830,71.3213065244,0.9791,,,kl,
16840,68.3380486585,0.9788,,,,
16850,68.4913642106,0.9792,,,,
16860,70.0245711262,0.9786,,,,
16870,69.048775599,0.9792,,,,
16880,70.4043234335,0.9778,,,,
16890,69.3805839388,0.9793,,,,
16900,69.8330457378,0.9794,,,,
16910,70.1202803815,0.9794,,,,
16920,69.641319324,0.9803,,,,
16930,71.7905265194,0.9794,,,,
16940,71.1431752888,0.9796,,,,
16950,70.5643222094,0.979,,,,
16960,69.9917799682,0.9797,,,,
16970,70.4423186072,0.9801,,,,
16980,73.5930298422,0.9796,,,,
16990,71.075600973,0.9801,,,,
17000,70.1730015358,0.9801,,,,
